<?xml version="1.0" encoding="utf-8"?>
<options>
  <option option_id="tpm_awardTrophyCount" edit_format="radio" data_type="string" advanced="0">
    <default_value>1</default_value>
    <edit_format_params>1=One Top Poster
3=Gold, Silver, Bronze</edit_format_params>
    <relation group_id="tpm" display_order="10"/>
  </option>
  <option option_id="tpm_cron_schedule" edit_format="radio" data_type="string" advanced="0">
    <default_value>hourly</default_value>
    <edit_format_params>hourly=Hourly
four_hour=Every 4 Hours
twice_daily=Twice Daily
daily=Daily</edit_format_params>
    <relation group_id="tpm" display_order="900"/>
  </option>
  <option option_id="tpm_excludeNodes" edit_format="callback" data_type="array" advanced="0">
    <default_value>["0"]</default_value>
    <edit_format_params>XF\Option\Forum::renderSelectMultiple</edit_format_params>
    <sub_options>*</sub_options>
    <relation group_id="tpm" display_order="10"/>
  </option>
  <option option_id="tpm_excludeUserGroups" edit_format="callback" data_type="array" advanced="0">
    <default_value>["0"]</default_value>
    <edit_format_params>XF\Option\UserGroup::renderSelectMultiple</edit_format_params>
    <sub_options>*</sub_options>
    <relation group_id="tpm" display_order="20"/>
  </option>
  <option option_id="tpm_excludeUsers" edit_format="username" data_type="array" advanced="0">
    <default_value>[]</default_value>
    <sub_options>*</sub_options>
    <relation group_id="tpm" display_order="100"/>
  </option>
  <option option_id="tpm_limitTPM" edit_format="spinbox" data_type="positive_integer" advanced="0">
    <default_value>20</default_value>
    <edit_format_params>min=1</edit_format_params>
    <relation group_id="tpm" display_order="800"/>
    <relation group_id="wutime_lgv_option_group" display_order="1"/>
  </option>
  <option option_id="tpm_showBanner" edit_format="onoff" data_type="boolean" advanced="0">
    <default_value>1</default_value>
    <relation group_id="tpm" display_order="1"/>
  </option>
</options>
