<?xml version="1.0" encoding="utf-8"?>
<phrases>
  <phrase title="cron_entry.tpmCron" version_id="20070" version_string="1.4.0"><![CDATA[Top Posters of the Month]]></phrase>
  <phrase title="nav.tpm" version_id="20004" version_string="1.0.0"><![CDATA[Top Posters of the Month]]></phrase>
  <phrase title="option.tpm_awardTrophyCount" version_id="2000000" version_string="2.0.0"><![CDATA[How Many "Top Posters" Awarded]]></phrase>
  <phrase title="option.tpm_cron_schedule" version_id="2000000" version_string="2.0.0"><![CDATA[Top Poster Update Schedule]]></phrase>
  <phrase title="option.tpm_excludeNodes" version_id="2000000" version_string="2.0.0"><![CDATA[Nodes to Exclude From Counting]]></phrase>
  <phrase title="option.tpm_excludeUserGroups" version_id="20000" version_string="1.0.0"><![CDATA[Usergroups exclude from Count]]></phrase>
  <phrase title="option.tpm_excludeUsers" version_id="20010" version_string="1.0.0"><![CDATA[Exclude Users]]></phrase>
  <phrase title="option.tpm_limitTPM" version_id="2000000" version_string="2.0.0"><![CDATA[Top Posters Listed Per Page]]></phrase>
  <phrase title="option.tpm_showBanner" version_id="2000000" version_string="2.0.0"><![CDATA[Award Top Posters with a User Banner]]></phrase>
  <phrase title="option_explain.tpm_awardTrophyCount" version_id="2000000" version_string="2.0.0"><![CDATA[]]></phrase>
  <phrase title="option_explain.tpm_cron_schedule" version_id="2000000" version_string="2.0.0"><![CDATA[Select how often the top poster is calculated (and cached).]]></phrase>
  <phrase title="option_explain.tpm_excludeNodes" version_id="20000" version_string="1.0.0"><![CDATA[]]></phrase>
  <phrase title="option_explain.tpm_excludeUserGroups" version_id="20000" version_string="1.0.0"><![CDATA[]]></phrase>
  <phrase title="option_explain.tpm_excludeUsers" version_id="20010" version_string="1.0.0"><![CDATA[]]></phrase>
  <phrase title="option_explain.tpm_limitTPM" version_id="2000000" version_string="2.0.0"><![CDATA[]]></phrase>
  <phrase title="option_explain.tpm_showBanner" version_id="2000000" version_string="2.0.0"><![CDATA[Customize banner and trophy icon in <a href='admin.php?style-properties/'>style properties</a>.]]></phrase>
  <phrase title="option_group.tpm" version_id="2000000" version_string="2.0.0"><![CDATA[Top Posters of the Month]]></phrase>
  <phrase title="option_group_description.tpm" version_id="20070" version_string="1.4.0"><![CDATA[Displays top posters by date in a widget and supports a badge for top posters.]]></phrase>
  <phrase title="permission.general_changeTPMDate" version_id="20011" version_string="1.1.0"><![CDATA[Can change "Top Posters of the Month" Date]]></phrase>
  <phrase title="permission.general_viewTPM" version_id="2000000" version_string="2.0.0"><![CDATA[View "Top Posters of the Month"]]></phrase>
  <phrase title="style_prop.tpmBannerIcon1" version_id="2000000" version_string="2.0.0"><![CDATA[userBanner #1 Icon]]></phrase>
  <phrase title="style_prop.tpmBannerIcon2" version_id="2000000" version_string="2.0.0"><![CDATA[userBanner #2 Icon]]></phrase>
  <phrase title="style_prop.tpmBannerIcon3" version_id="2000000" version_string="2.0.0"><![CDATA[userBanner #3 Icon]]></phrase>
  <phrase title="style_prop.tpmPosterCount" version_id="2000000" version_string="2.0.0"><![CDATA[Avatar Sidebar Poster Count]]></phrase>
  <phrase title="style_prop.tpmSidebarIcon" version_id="20070" version_string="1.4.0"><![CDATA[TPM Sidebar Icon]]></phrase>
  <phrase title="style_prop.tpmUserBanner1" version_id="2000000" version_string="2.0.0"><![CDATA[userBanner #1]]></phrase>
  <phrase title="style_prop.tpmUserBanner2" version_id="2000000" version_string="2.0.0"><![CDATA[userBanner #2]]></phrase>
  <phrase title="style_prop.tpmUserBanner3" version_id="2000000" version_string="2.0.0"><![CDATA[userBanner #3]]></phrase>
  <phrase title="style_prop_desc.tpmBannerIcon1" version_id="2000000" version_string="2.0.0"><![CDATA[]]></phrase>
  <phrase title="style_prop_desc.tpmBannerIcon2" version_id="2000000" version_string="2.0.0"><![CDATA[]]></phrase>
  <phrase title="style_prop_desc.tpmBannerIcon3" version_id="2000000" version_string="2.0.0"><![CDATA[]]></phrase>
  <phrase title="style_prop_desc.tpmPosterCount" version_id="2000000" version_string="2.0.0"><![CDATA[This only affects the 'avatar' sidebar widget layout.]]></phrase>
  <phrase title="style_prop_desc.tpmSidebarIcon" version_id="20070" version_string="1.4.0"><![CDATA[]]></phrase>
  <phrase title="style_prop_desc.tpmUserBanner1" version_id="2000000" version_string="2.0.0"><![CDATA[]]></phrase>
  <phrase title="style_prop_desc.tpmUserBanner2" version_id="2000000" version_string="2.0.0"><![CDATA[]]></phrase>
  <phrase title="style_prop_desc.tpmUserBanner3" version_id="2000000" version_string="2.0.0"><![CDATA[]]></phrase>
  <phrase title="style_prop_group.tpm" version_id="20070" version_string="1.4.0"><![CDATA[[Wutime] Top Poster of the Month]]></phrase>
  <phrase title="style_prop_group_desc.tpm" version_id="20070" version_string="1.4.0"><![CDATA[Properties for the banner and sidebar including icons.]]></phrase>
  <phrase title="tpm_banner_1" version_id="2000000" version_string="2.0.0"><![CDATA[Top Poster]]></phrase>
  <phrase title="tpm_banner_2" version_id="2000000" version_string="2.0.0"><![CDATA[Silver Medal]]></phrase>
  <phrase title="tpm_banner_3" version_id="2000000" version_string="2.0.0"><![CDATA[Bronze Medal]]></phrase>
  <phrase title="tpm_banner_text" version_id="2000000" version_string="2.0.0"><![CDATA[Top monthly poster]]></phrase>
  <phrase title="tpm_compact" version_id="20030" version_string="1.2.0"><![CDATA[Compact]]></phrase>
  <phrase title="tpm_display_style_compact_explain" version_id="20025" version_string="1.2.0"><![CDATA[Displays the results compact.]]></phrase>
  <phrase title="tpm_display_style_list_explain" version_id="20023" version_string="1.1.0a"><![CDATA[Displays the results as a list.]]></phrase>
  <phrase title="tpm_this_month_x" version_id="20011" version_string="1.1.0"><![CDATA[This month: {total}]]></phrase>
  <phrase title="widget.tpm_widget_forumlist_sidebar" version_id="2000000" version_string="2.0.0"><![CDATA[Top Posters of the Month]]></phrase>
  <phrase title="widget_def.tpm_widget" version_id="20011" version_string="1.1.0"><![CDATA[Top Posters of the Month]]></phrase>
  <phrase title="widget_def_desc.tpm_widget" version_id="2000000" version_string="2.0.0"><![CDATA[Displays the top forum posters for the current or selected month.]]></phrase>
  <phrase title="widget_display_avatar_explain" version_id="2000000" version_string="2.0.0"><![CDATA[Clean sleek compact list of avatars and overlay post counts.]]></phrase>
</phrases>
