<?xml version="1.0" encoding="utf-8"?>
<style_properties>
  <style_property property_name="tpmBannerIcon1" group_name="tpm" title="userBanner Icon #1 Poster" property_type="value" value_type="string" has_variations="0" value_group="userBanner" display_order="1">
    <value>"@fa-var-solid-trophy"</value>
  </style_property>
  <style_property property_name="tpmBannerIcon2" group_name="tpm" title="userBanner Icon #2 Poster" property_type="value" value_type="string" has_variations="0" value_group="userBanner" display_order="2">
    <value>"@fa-var-solid-trophy"</value>
  </style_property>
  <style_property property_name="tpmBannerIcon3" group_name="tpm" title="userBanner Icon #3 Poster" property_type="value" value_type="string" has_variations="0" value_group="userBanner" display_order="3">
    <value>"@fa-var-solid-trophy"</value>
  </style_property>
  <style_property property_name="tpmSidebarIcon" group_name="tpm" title="TPM Sidebar Icon" property_type="value" value_type="string" has_variations="0" display_order="0">
    <value>"@fa-var-trophy"</value>
  </style_property>
  <style_property property_name="tpmUserBanner1" group_name="tpm" title="userBanner #1" property_type="css" has_variations="0" display_order="200" css_components="text,background,border,border_radius,padding,extra">
    <value>{
    "color": "@xf-majorHeadingTextColor",
    "background-color": "@xf-contentHighlightBg",
    "border-width": "1px",
    "border-color": "@xf-borderColorHighlight"
}</value>
  </style_property>
  <style_property property_name="tpmUserBanner2" group_name="tpm" title="userBanner #2" property_type="css" has_variations="0" display_order="0" css_components="text,background,border,border_radius,padding,extra">
    <value>[]</value>
  </style_property>
  <style_property property_name="tpmUserBanner3" group_name="tpm" title="userBanner #3" property_type="css" has_variations="0" display_order="0" css_components="text,background,border,border_radius,padding,extra">
    <value>[]</value>
  </style_property>
</style_properties>
