<?xml version="1.0" encoding="utf-8"?>
<style_properties>
  <style_property property_name="tpmBannerIcon1" group_name="tpm" title="userBanner #1 Icon" property_type="value" value_type="string" has_variations="0" value_group="userBanner" display_order="1">
    <value>"@fa-var-solid-trophy"</value>
  </style_property>
  <style_property property_name="tpmBannerIcon2" group_name="tpm" title="userBanner #2 Icon" property_type="value" value_type="string" has_variations="0" value_group="userBanner" display_order="2">
    <value>"@fa-var-solid-trophy"</value>
  </style_property>
  <style_property property_name="tpmBannerIcon3" group_name="tpm" title="userBanner #3 Icon" property_type="value" value_type="string" has_variations="0" value_group="userBanner" display_order="3">
    <value>"@fa-var-solid-trophy"</value>
  </style_property>
  <style_property property_name="tpmPosterCount" group_name="tpm" title="Avatar Sidebar Poster Count" description="This only affects the 'avatar' sidebar widget layout." property_type="css" has_variations="0" display_order="500" css_components="text,background,border,border_radius,padding,extra">
    <value>{
    "font-size": "10px",
    "color": "@xf-textColor",
    "background-color": "xf-intensify(@xf-contentBg, 3.5%)",
    "border-width": "@xf-borderSize",
    "border-color": "xf-diminish(@xf-borderColor, 3%)",
    "border-radius": "20px",
    "padding-top": "0",
    "padding-right": "3px",
    "padding-bottom": "0",
    "padding-left": "3px",
    "extra": "margin: -16px 0px 0px 22px;"
}</value>
  </style_property>
  <style_property property_name="tpmSidebarIcon" group_name="tpm" title="TPM Sidebar Icon" property_type="value" value_type="string" has_variations="0" display_order="0">
    <value>"@fa-var-trophy"</value>
  </style_property>
  <style_property property_name="tpmUserBanner1" group_name="tpm" title="userBanner #1" property_type="css" has_variations="0" display_order="100" css_components="text,background,border,border_radius,padding,extra">
    <value>{
    "color": "@xf-textColor",
    "background-color": "@xf-contentBg",
    "border-width": "1px",
    "border-color": "gold"
}</value>
  </style_property>
  <style_property property_name="tpmUserBanner2" group_name="tpm" title="userBanner #2" property_type="css" has_variations="0" display_order="200" css_components="text,background,border,border_radius,padding,extra">
    <value>{
    "color": "@xf-textColor",
    "background-color": "@xf-contentBg",
    "border-width": "1px",
    "border-color": "@xf-borderColorFaint"
}</value>
  </style_property>
  <style_property property_name="tpmUserBanner3" group_name="tpm" title="userBanner #3" property_type="css" has_variations="0" display_order="300" css_components="text,background,border,border_radius,padding,extra">
    <value>{
    "color": "@xf-textColor",
    "background-color": "@xf-contentBg",
    "border-width": "1px",
    "border-color": "@xf-borderColorFaint"
}</value>
  </style_property>
</style_properties>
