<?xml version="1.0" encoding="utf-8"?>
<templates>
  <template type="admin" title="widget_def_options_tpm_widget" version_id="20030" version_string="1.2.0"><![CDATA[<hr class="formRowSep" />

<xf:numberboxrow name="options[limit]" value="{$options.limit}" min="0"
                 label="{{ phrase('maximum_entries') }}" />


<xf:radiorow name="options[style]" value="{{ $options.style ?: 'simple' }}"
             label="{{ phrase('display_style') }}">

    <xf:option value="simple"
               label="{{ phrase('simple') }}"
               hint="{{ phrase('widget_display_simple_explain') }}" />
    <xf:option value="list"
               label="{{ phrase('list') }}"
               hint="{{ phrase('tpm_display_style_list_explain') }}" />
    <xf:option value="compact"
               label="{{ phrase('tpm_compact') }}"
               hint="{{ phrase('tpm_display_style_compact_explain') }}" />
</xf:radiorow>
]]></template>
  <template type="public" title="tpm_list" version_id="20070" version_string="1.4.0"><![CDATA[<xf:title page="{$page}">{{ phrase('nav.tpm') }}</xf:title>

<xf:wrap template="member_wrapper">
    <xf:set var="$pageSelected" value="tpm" />
</xf:wrap>

<xf:head option="metaNoindex"><meta name="robots" content="noindex" /></xf:head>
<xf:macro template="metadata_macros" name="canonical_url" arg-canonicalUrl="{{ link('canonical:members/tpm', null, {'page': $page}) }}" />

<xf:if is="$xf.visitor.canChangeTPMDate()">
    <xf:pageaction>
        <div class="buttonGroup">

            <xf:form action="{{ link('members/tpm') }}" class="" method="get">

                <ul class="tpm-controls">
                    <li>
                        <xf:select name="tpm_year" value="{$year_now}">
                            <xf:foreach loop="$years" value="$year">
                                <xf:option value="{$year}">{$year}</xf:option>
                            </xf:foreach>
                        </xf:select>
                    </li>
                    <li>
                        <xf:select name="tpm_month" value="{$month_now}">
                            <xf:foreach loop="$months" key="$number" value="$month">
                                <xf:option value="{$number}">{$month}</xf:option>
                            </xf:foreach>
                        </xf:select>
                    </li>
                    <li>
                        <button type="submit" class="button--primary button tpm-goButton"><span class="button-text">Go</span></button>
                    </li>
                </ul>
            </xf:form>
        </div>
    </xf:pageaction>
</xf:if>

<div class="block">
    <div class="block-container">
        <ol class="block-body">
            <xf:foreach loop="$user_datas" value="$user_data">
                <li class="block-row block-row--separated">
                    <xf:set var="$data">
                        <a href="{{ link('members/post-content', $user_data.user, {'year': $year_now, 'month': $month_now}) }}">{$user_data.value}</a>
                    </xf:set>

                    <xf:macro template="member_list_macros" name="item" arg-user="{$user_data.user}" arg-extraData="{$data}" arg-extraDataBig="{$data}" />
                </li>
                <xf:else />
                <li class="block-row">{{ phrase('no_users_match_specified_criteria') }}</li>
            </xf:foreach>
        </ol>
    </div>

    <xf:pagenav link="members/tpm" page="{$page}" perpage="{$perPage}" total="{$total}"  params="{$linkFilters}" wrapperclass="block-outer block-outer--after" />
</div>]]></template>
  <template type="public" title="tpm_post_content" version_id="20000" version_string="1.0.0"><![CDATA[<xf:title>{{ phrase('recent_content_by_x', {'name': $user.username}) }}</xf:title>

<xf:head option="metaNoindex"><meta name="robots" content="noindex" /></xf:head>

<xf:breadcrumb href="{{ link('members', $user) }}">{$user.username}</xf:breadcrumb>

<xf:css src="search_results.less" />

<xf:if is="$resultCount">
    <div class="block">
        <div class="block-container">
            <ol class="block-body">
                <xf:foreach loop="$results" value="$result">
                    {{ $result.render()|raw }}
                </xf:foreach>
            </ol>
        </div>
    </div>
    <xf:else />
    <div class="blockMessage">{{ phrase('x_has_not_posted_any_content_recently', {'name': $user.username}) }}</div>
</xf:if>]]></template>
  <template type="public" title="tpm_sidebar_icon.less" version_id="2000000" version_string="2.0.0"><![CDATA[.block[data-widget-definition="tpm_widget"] .block-minorHeader::before {
    <xf:if is="$xf.versionId < 2030000">
        .m-faBase();
    </xf:if>
	.m-faContent(@xf-tpmSidebarIcon, false);
    font-size: @xf-fontSizeLarge;
    margin-right: @xf-paddingMedium;
    color: inherit;
}]]></template>
  <template type="public" title="tpm_sidebar_results" version_id="20070" version_string="1.4.0"><![CDATA[<div class="js-TPMSidebar">
    <xf:if is="{$style} == 'simple'">
        <ul class="block-body">
            <xf:if is="$user_datas is not empty">
                <xf:foreach loop="$user_datas" value="$user">
                    <li class="block-row">
                        <xf:macro template="widget_tpm" name="tpm_user" arg-user="{$user}" />
                    </li>
                </xf:foreach>
            <xf:else />
                <li class="block-row block-row--minor">
                    {{ phrase('no_results_found') }}
                </li>
            </xf:if>
        </ul>

    <xf:elseif is="{$style} == 'compact'" />
        <ul class="block-body">
            <xf:if is="$user_datas is not empty">
                <xf:foreach loop="$user_datas" value="$user">
                    <li class="block-row">
                        <div class="contentRow">
                            <div class="contentRow-figure">
                                <xf:avatar user="$user.user" size="s" />
                            </div>
                            <div class="contentRow-main">
                                <div class="contentRow-extra contentRow-extra--largest">
                                    {$user.value|number}
                                </div>
                                <div class="contentRow-header">
                                    <xf:username user="$user.user" rich="true" />
                                </div>
                                <div class="contentRow-lesser">
                                    <xf:usertitle user="$user.user" />
                                </div>
                            </div>
                        </div>
                    </li>
                </xf:foreach>
            <xf:else />
                <li class="block-row block-row--minor">
                    {{ phrase('no_results_found') }}
                </li>
            </xf:if>
        </ul>

    <xf:else />
        <div class="block-row block-row--minor">
            <ul class="listInline listInline--comma">
                <xf:if is="$user_datas is not empty">
                    <xf:foreach loop="$user_datas" value="$user">
                        <xf:trim>
                            <li>
                                <xf:username user="$user.user" rich="true" /> {$user.value|number}
                            </li>
                        </xf:trim>
                    </xf:foreach>
                <xf:else />
                    <li class="block-row block-row--minor">
                        {{ phrase('no_results_found') }}
                    </li>
                </xf:if>
            </ul>
        </div>
    </xf:if>
</div>]]></template>
  <template type="public" title="tpm_user_banner.less" version_id="2000000" version_string="2.0.0"><![CDATA[// !!modify in style properties!!
.userBanner.userBanner--tpm-1 {
    .xf-tpmUserBanner1();
}
// !!modify in style properties!!
.userBanner.userBanner--tpm-2 {
    .xf-tpmUserBanner2();
}
// !!modify in style properties!!
.userBanner.userBanner--tpm-3 {
    .xf-tpmUserBanner3();
}


// remove full width on profile page
.memberHeader-main .userBanner.userBanner--tpm-1,
.memberHeader-main .userBanner.userBanner--tpm-2,
.memberHeader-main .userBanner.userBanner--tpm-3,
.memberTooltip-banners .userBanner.userBanner--tpm-1,
.memberTooltip-banners .userBanner.userBanner--tpm-2,
.memberTooltip-banners .userBanner.userBanner--tpm-3,{
  display: inline-block; 
  max-width: initial;    
}]]></template>
  <template type="public" title="tpm_user_banner_icon_1.less" version_id="2000000" version_string="2.0.0"><![CDATA[.userBanner.userBanner--tpm-1:before {
    <xf:if is="$xf.versionId < 2030000">
        .m-faBase();
    </xf:if>
	.m-faContent(@xf-tpmBannerIcon1, true);
    margin-right: @xf-paddingSmall;
	font-weight: 900;
	color:gold;
}]]></template>
  <template type="public" title="tpm_user_banner_icon_2.less" version_id="2000000" version_string="2.0.0"><![CDATA[.userBanner.userBanner--tpm-2:before {
    <xf:if is="$xf.versionId < 2030000">
        .m-faBase();
    </xf:if>
	.m-faContent(@xf-tpmBannerIcon2, true);
    margin-right: @xf-paddingSmall;
	font-weight: 900;
	color:silver;
}]]></template>
  <template type="public" title="tpm_user_banner_icon_3.less" version_id="2000000" version_string="2.0.0"><![CDATA[.userBanner.userBanner--tpm-3:before {
    <xf:if is="$xf.versionId < 2030000">
        .m-faBase();
    </xf:if>
	.m-faContent(@xf-tpmBannerIcon3, true);
    margin-right: @xf-paddingSmall;
	font-weight: 900;
	color: #cd7f32;
}]]></template>
  <template type="public" title="widget_tpm" version_id="20070" version_string="1.4.0"><![CDATA[<xf:if is="$xf.visitor.canViewTPM()">
    <div class="block"{{ widget_data($widget) }}>
        <div class="block-container">
            <h3 class="block-minorHeader">
                <a href="{{ link('members/tpm') }}">
                    {$title}
                </a>
            </h3>

            <div class="js-TPMSidebar">
                <xf:include template="tpm_sidebar_results" />
            </div>

            <xf:if is="$xf.visitor.canChangeTPMDate()">
                <div class="block-footer">
                    <xf:form action="{{ link('members/tpm/sidebar') }}" ajax="true" data-replace=".js-TPMSidebar" data-animate-replace="true" method="get">
                        <ul class="tpm-controls">
                            <li>
                                <xf:select name="year" value="{$year_now}" class="tpm_year">
                                    <xf:foreach loop="$years" value="$year">
                                        <xf:option value="{$year}">{$year}</xf:option>
                                    </xf:foreach>
                                </xf:select>
                            </li>
                            <li>
                                <xf:select name="month" value="{$month_now}" class="tpm_month">
                                    <xf:foreach loop="$months" key="$number" value="$month">
                                        <xf:option value="{$number}">{$month}</xf:option>
                                    </xf:foreach>
                                </xf:select>
                            </li>
                            <li>
                                <xf:button type="submit">
                                    {{ phrase('Go') }}
                                </xf:button>
                                <xf:hiddenval name="limit">{$limit}</xf:hiddenval>
                                <xf:hiddenval name="style">{$style}</xf:hiddenval>
                            </li>
                        </ul>
                    </xf:form>
                </div>
            </xf:if>
        </div>
    </div>

</xf:if>

<xf:macro name="tpm_user" arg-user="!">
    <div class="contentRow">
        <div class="contentRow-figure">
            <xf:avatar user="$user.user" size="xs" />
        </div>

        <div class="contentRow-main contentRow-main--close">

            <div class="contentRow-minor">
                <span class="tmpCount" dir="auto">{{ phrase('tpm_this_month_x', {'total': {$user.value|number}}) }}</span>
            </div>

            <div class="contentRow-minor contentRow-minor--hideLinks">
                <ul class="listInline listInline--bullet">
                    <li>
                        <dl class="pairs pairs--inline">
                            <dt>{{ phrase('messages') }}</dt>
                            <dd>{$user.user.message_count|number}</dd>
                        </dl>
                    </li>
                    <li>
                        <dl class="pairs pairs--inline">
                            <dt>{{ phrase('likes') }}</dt>
                            <dd>{$user.user.like_count|number}</dd>
                        </dl>
                    </li>
                </ul>
            </div>
        </div>
    </div>
</xf:macro>]]></template>
</templates>
