<?xml version="1.0" encoding="utf-8"?>
<template_modifications>
  <modification type="public" template="app_user_banners.less" modification_key="tpm_app_user_banners_less" description="CSS" execution_order="10" enabled="1" action="preg_replace">
    <find><![CDATA[/$/]]></find>
    <replace><![CDATA[{{ include('tpm_user_banner.less') }}

<xf:if is="property('tpmBannerIcon1') != ''">
    {{ include('tpm_user_banner_icon_1.less') }}
</xf:if>

<xf:if is="property('tpmBannerIcon2') != ''">
    {{ include('tpm_user_banner_icon_2.less') }}
</xf:if>

<xf:if is="property('tpmBannerIcon3') != ''">
    {{ include('tpm_user_banner_icon_3.less') }}
</xf:if>

<xf:if is="property('tpmSidebarIcon') != ''">
    {{ include('tpm_sidebar_icon.less') }}
</xf:if>]]></replace>
  </modification>
  <modification type="public" template="extra.less" modification_key="tpm_extra_1" execution_order="10" enabled="1" action="preg_replace">
    <find><![CDATA[/$/]]></find>
    <replace><![CDATA[.tpm-controls
{
	.m-listPlain();
	margin-right: auto;

	display: flex;
	align-items: center;
	flex-wrap: wrap;
	min-height: 35px;
	max-width: 100%;

	> li
	{
		display: inline-block;
		margin-right: 5px;

		&:last-child
		{
			margin-right: 0;
		}
	}
}

.button.tpm-goButton
{
	font-size: @xf-fontSizeNormal;
	line-height: 1.5;
	min-width: 0;
}]]></replace>
  </modification>
  <modification type="public" template="member_wrapper" modification_key="tpm_member_wrapper_1" description="AddLink" execution_order="10" enabled="1" action="str_replace">
    <find><![CDATA[<xf:if is="$xf.options.enableMemberList">]]></find>
    <replace><![CDATA[<xf:if is="$xf.visitor.canViewTPM()">
	<a class="blockLink {{ $pageSelected == 'tpm' ? 'is-selected' : '' }}" href="{{ link('members/tpm') }}">{{ phrase('nav.tpm') }}</a>
</xf:if>
$0]]></replace>
  </modification>
</template_modifications>
