{
    "js/wutime/tpm/tpm.js": "dbebc06f0a52a690deef28f5455157163f91516d9d3ff39e2ba201a61e51f639",
    "js/wutime/tpm/tpm.min.js": "74369b10c4c66abcae77a8db2a48a1ab784d928ca069930c7560db646ef15940",
    "src/addons/Wutime/TPM/addon.json": "52d6b4d6389f4e9053f2334a58b834fce2a303b4255f2e2c3ccceec683d3b74f",
    "src/addons/Wutime/TPM/Cron/TPM.php": "76c1aefc6fc32d8ca781ccdbe92e73d40f4080a1a16970b5e0e51b883aad7fdf",
    "src/addons/Wutime/TPM/Pub/Controller/TPM.php": "8d2ce618cf8713e5c92c67b473df7b761e35767ccf0be3255344f7af8ffb7a22",
    "src/addons/Wutime/TPM/README.md": "a538284726279bc126eac1d2e650151046059f6af459fae78ac2840a555024dc",
    "src/addons/Wutime/TPM/Setup.php": "fdfb36114a94b65ff6c321256e3e065ee0b97bee819c86fdc1c9ed19faff198c",
    "src/addons/Wutime/TPM/tpm.png": "d2333507a1871a73d07454e322811e579ba7537212b9024a85b5bfb982f49b61",
    "src/addons/Wutime/TPM/Util/Helper.php": "d2a2bba2adc63a8b5b8e374dbfd39e558d08aeb54269936eb9d70ffa63230558",
    "src/addons/Wutime/TPM/Widget/TPM.php": "5dd994b07bdcabcc6e7cdedc75ea6a4528552cf05f1a91b1e1a185039247cfe5",
    "src/addons/Wutime/TPM/XF/Entity/User.php": "084cac7391aa13cb2d9e9ab1b4f8ad91050cc8b6a4ee0947ffb47a0725600e9c",
    "src/addons/Wutime/TPM/XF/Pub/Controller/Member.php": "3c99480c4a82d1ed6ef48bccd2705624c96612f071782443819a429fc39a90b2",
    "src/addons/Wutime/TPM/XF/Template/Templater.php": "1760486e027d342c4e4e5a52b24e5f7a7578665dc320526808f0d4dbd8d208e0",
    "src/addons/Wutime/TPM/_data/activity_summary_definitions.xml": "99d8c2563a31320d66f958fc8bda78613545f5f7959bb3cf5318805e3a3c39d2",
    "src/addons/Wutime/TPM/_data/admin_navigation.xml": "064ec797484ac00d5ee37367b50b06846d11f480d00550997712707f8fdac8c0",
    "src/addons/Wutime/TPM/_data/admin_permission.xml": "ec6fb97cebf0bceb24f1ed1d5778c1db54eeb7535fbb3e31d824840e7aa9ff87",
    "src/addons/Wutime/TPM/_data/advertising_positions.xml": "d2f7cbe844bb1df3cf878d22ff6306249245c8ff6b0b87b9b729744bec538261",
    "src/addons/Wutime/TPM/_data/api_scopes.xml": "6793eaf758f140e8137187ba20e65f4faccf53410433ae3ad7a8b3b38cb6b3b7",
    "src/addons/Wutime/TPM/_data/bb_codes.xml": "faa4ddd5f4a365e5ac39aebdcbe2d25aedf74e7eb9ea4a812766e2fd5e13bdb1",
    "src/addons/Wutime/TPM/_data/bb_code_media_sites.xml": "29762987990187b33e43cfb68c08dc917b2d3f0176613d78f8e6c453f82da3f3",
    "src/addons/Wutime/TPM/_data/class_extensions.xml": "8dc8b4b45818a717ec3e2db8f0704066ed7ea3013ef2d27fb2453d638f9f9bf2",
    "src/addons/Wutime/TPM/_data/code_events.xml": "8370dec3df47f91df4cf79da253446ad11b29f4ea568fe76c774e97a0379f0eb",
    "src/addons/Wutime/TPM/_data/code_event_listeners.xml": "d6b5072f4909dee7a20ee9e44b163f95c8aa52e6ac7f573e292000cd9238c331",
    "src/addons/Wutime/TPM/_data/content_type_fields.xml": "c7ad5472b28f465b7ac7617627707eba1b7a39d28089460d52e1ed292fc0b06a",
    "src/addons/Wutime/TPM/_data/cron.xml": "14ed5d42a9c3c90ba7b1c3f41808cf088c25d25448b609caf67d77c9e4ceefe1",
    "src/addons/Wutime/TPM/_data/help_pages.xml": "a8a0c0b06cdc550438bc8a8d385af3e1e5ab3459877dfb934c1c31be59c89163",
    "src/addons/Wutime/TPM/_data/member_stats.xml": "89fb2b93ff1eca7a1f6f752248edf6090dfd24037db1446fd18ff7143f08124d",
    "src/addons/Wutime/TPM/_data/navigation.xml": "5d24180544f3a13968fce55a2dd8ea13bd1f116928990192c5d348f3c29e4747",
    "src/addons/Wutime/TPM/_data/options.xml": "029052b0b83fecbe8c2bdaeb335d83cad7ded9918f5d684bdc0fd418502e44fe",
    "src/addons/Wutime/TPM/_data/option_groups.xml": "0c78f0c9318f87015283e273d73d097e9d10f8f768f892a292059502aa2d5688",
    "src/addons/Wutime/TPM/_data/permissions.xml": "436dd86c07f9899e803755ee4c6f6369e193e99d8768d2ab83d7c84146dc6c54",
    "src/addons/Wutime/TPM/_data/permission_interface_groups.xml": "3177224e96458b829aa7fb24866dda9e0455a4922aee3d669b53f59a1ffdf5d1",
    "src/addons/Wutime/TPM/_data/phrases.xml": "166344a3ca2bd99a7ae085d67d407350b97927eff213370e50e25aeb71a54210",
    "src/addons/Wutime/TPM/_data/routes.xml": "6beb66fe1312b65b3fb062d6ba8a64d30189c12222b032b216ba79bf9b7b4bc7",
    "src/addons/Wutime/TPM/_data/style_properties.xml": "fb2c1ca3449bf93406c97dd38746a0f988d0571ee1b10a640c420e145b4d1a7e",
    "src/addons/Wutime/TPM/_data/style_property_groups.xml": "c718237f8342b8dddab615ee2a475be0aea37a2137c1a77c0c0e52bd344703fb",
    "src/addons/Wutime/TPM/_data/templates.xml": "22375dcb8192828ce0d092e62e81119e895e183d0d8a788eaf9c766a2cf0ea3a",
    "src/addons/Wutime/TPM/_data/template_modifications.xml": "08a4044559189f2eece0ef347cdb538932783b8868f28459fecfaa93854fb750",
    "src/addons/Wutime/TPM/_data/widget_definitions.xml": "ab09c26e2f6778be75d5f24242065f7cf32d4778fae438621222171b57d256d2",
    "src/addons/Wutime/TPM/_data/widget_positions.xml": "a29cee66134f6bc5d75ed9df1eef21096c24401915c5b5c774389c3d7bb2d5b3"
}